id,business_name,city,state,old_url,new_url
0d578b0b-be09-442b-b28d-e352bf7ba485,Legacy Heritage Chapel at Angelus,Anchorage,AK,http://www.legacyalaska.com/,https://www.legacyalaska.com/
1f4b5617-97f7-4c40-a5c7-85c56f822222,Cremation Services Of West Hawaii,Honolulu,HI,http://www.hawaiicremationservices.com/,https://www.hawaiicremationservices.com/
0d1001f8-9fa8-44ff-8329-0c8b6869789a,Evergreens Eagle River Funeral,Anchorage,AK,http://www.janssenfuneralhomes.com,https://www.janssenfuneralhomes.com
d1cf42f4-f481-435e-9499-d1e08a30313c,Janssen's Mat-Su Funeral Home,Anchorage,AK,http://www.janssenfuneralhomes.com/,https://www.janssenfuneralhomes.com/
d9cca255-53be-4b18-a62a-d5a6c7ee7fe0,Evergreen Memorial Chapel,Anchorage,AK,http://www.janssenfuneralhomes.com/,https://www.janssenfuneralhomes.com/
6b39892a-5594-4c3a-8539-121fe4b08396,Valley Funeral Home Inc,Anchorage,AK,http://www.mat-suvalleyfuneralhome.com/,https://www.mat-suvalleyfuneralhome.com/
0838b8be-ce15-48a6-a756-7477349023ca,Alaskan Memorial Park & Legacy Funeral Homes,Anchorage,AK,http://www.legacyalaska.com/?utm_source=google&utm_medium=organic&utm_campaign=gbp,https://www.legacyalaska.com/?utm_source=google&utm_medium=organic&utm_campaign=gbp
612092f3-99d5-4bc5-955b-6ac5a477d453,"Chapel of Chimes, Legacy Funeral Homes",Anchorage,AK,http://legacyalaska.com/,https://legacyalaska.com/
420710e5-1b83-428a-9988-044739aafc35,Burton Funeral Home Inc.,Chicago,IL,http://burtonfh.com/,https://burtonfh.com/
0442ad81-5aef-43fe-acb9-a4521f059c5a,Bella Vida Funeral Home,Boise,ID,http://www.bellavidafuneral.com/,https://www.bellavidafuneral.com/
fa945e66-7afb-45e3-aca0-cb0940e76e9a,Peninsula Memorial Chapels:,Anchorage,AK,http://www.alaskanfuneral.com/,https://www.alaskanfuneral.com/
c5c9c27d-b061-4b76-892b-885aacc06070,Boise Funeral Home & Cremation,Boise,ID,http://boisefuneralhome.com/,https://boisefuneralhome.com/
0e41ddcd-0a72-442d-8bf2-6982e7277bde,Arlington Cremation Services,Riverside,CA,http://www.arlingtoncremationservices.com/,https://www.arlingtoncremationservices.com/
6a126be3-fc9a-491b-a632-be283cf1b5f0,Messinger Fountain Hills Mortuary,Scottsdale,AZ,http://www.messingermortuary.com/,https://www.messingermortuary.com/
c854752f-5c21-481a-a769-9665b3d3d745,Sunflower Cremation and Burial,Gilbert,AZ,http://www.sunfloweraz.com/,https://www.sunfloweraz.com/
78713602-d9fe-475a-a54f-2ecbe7df56d8,Queen of Heaven Catholic Cemetery & Funeral Home,Chandler,AZ,http://www.qohcfh.org/,https://www.qohcfh.org/
5eb099d7-c2e5-4290-8b2e-23c1f952ec13,Arlington Mortuary,Riverside,CA,http://www.arlingtonmortuary.com/,https://www.arlingtonmortuary.com/
8fbaafa9-9367-4373-ac5d-f9b06ed7d3f5,Heritage Funeral Chapel,Glendale,AZ,http://www.heritagefuneralchapels.com/,https://www.heritagefuneralchapels.com/
c712f280-f3e0-41b1-bace-2f3c50db93e5,Horizon Funeral Care,Chandler,AZ,http://horizonfuneralcare.com/,https://horizonfuneralcare.com/
33f150ea-239f-497c-a498-2937b0ed92f2,SPECIAL MOMENTS WHITE DOVE RELEASE,Modesto,CA,http://specialmomentswhitedoves.com/,https://specialmomentswhitedoves.com/
cf018ad2-d223-487b-999c-79c8ba131535,Simple Cremation North,Las Vegas,NV,http://www.simplecremation.us,https://www.simplecremation.us
45692233-76f3-4849-9608-3740ecf70054,Black & Clark Funeral Home,Dallas,TX,http://www.blackandclark.com/,https://www.blackandclark.com/
d3124c4e-0285-497a-b87d-52919605659a,Cremation Society of Riverside County,Riverside,CA,http://www.cremationsociety.com/,https://www.cremationsociety.com/
dcca271d-4a39-464a-8972-413440b0c5d2,California Cremation Centers,Riverside,CA,http://www.californiacremationcenters.com/,https://www.californiacremationcenters.com/
2360e3c4-5de2-44ff-b2f9-354772f48bbc,Neptune Society of Central California,Modesto,CA,http://www.neptunecremation.com/,https://www.neptunecremation.com/
8c0e0e1a-7864-4ac7-a900-a4124b193c5e,Acacia Memorial Park,Modesto,CA,http://www.acaciamemorial.com/,https://www.acaciamemorial.com/
1d31081f-0fdd-42b0-bcce-0d1cc9361f17,Simple Cremation East,Las Vegas,NV,http://www.simplecremation.us,https://www.simplecremation.us
b31a2ceb-a441-44ce-955f-60e5dac3de4a,Flintoft's Funeral Home and Crematory,Seattle,WA,http://www.flintofts.com/?utm_source=local&utm_medium=organic&utm_campaign=gmb,https://www.flintofts.com/?utm_source=local&utm_medium=organic&utm_campaign=gmb
30509206-7f73-44fe-8d28-155aeeb1fbc4,Alabama Board of Funeral Service,Montgomery,AL,http://www.fsb.alabama.gov/,https://www.fsb.alabama.gov/
50930dd0-c49e-4dda-9924-b337eb1e3af0,Simple Cremation Henderson,Henderson,NV,http://www.simplecremation.us,https://www.simplecremation.us
8018d37d-ec76-46be-b1c5-db91ce74a868,Trinity Funeral Services,Chula Vista,CA,http://trinityfuneralservices.com/,https://trinityfuneralservices.com/
69d4bad5-cb25-43f7-8f5b-80a126476a27,Charm City Pet Crematory,Baltimore,MD,http://charmcitypetcrematory.com,https://charmcitypetcrematory.com
0f4ce64e-b2d1-45ca-aeb7-ae36f7992903,Allen Mortuary,Modesto,CA,http://www.allenmortuary.com/,https://www.allenmortuary.com/
137ba8ce-f663-4a49-b0f9-e8cb37873930,Edward A Cooper Cremation Society,Fresno,CA,http://www.valleycremations.com,https://www.valleycremations.com
bcfcb6f2-b4b2-4c85-8677-1257989a986c,Neptune Society of Central California,Fresno,CA,http://www.neptunecremation.com,https://www.neptunecremation.com
c2aaa6fa-c3ee-46a1-b283-ae1ddbaa0f40,Phillips Riley Funeral Home,Montgomery,AL,http://www.phillipsrileyfuneralhome.com/,https://www.phillipsrileyfuneralhome.com/
31b390ab-3bbb-4151-a15c-e1b868a28329,Gassett Funeral Home,Montgomery,AL,http://www.gassettfuneralhome.net/,https://www.gassettfuneralhome.net/
99ecce52-e6fc-4dfa-b460-c854270f457a,Affordable Cremation Service,Northmoor,MO,http://affordablecremationkc.com,https://affordablecremationkc.com
bf7b4d63-3d79-4dc6-b3ea-a3156decd55b,Bell-Lee's Funeral Home,Montgomery,AL,http://www.bellfuneralhomes.com/,https://www.bellfuneralhomes.com/
67e1d84a-775f-49fb-b857-2bb49614a879,Sebrell Funeral Home,Jackson,MS,http://www.sebrellfuneralhome.com/,https://www.sebrellfuneralhome.com/
6224fef1-d819-42b8-857d-8c1c87563855,Mississippi Mortuary Services,Jackson,MS,http://www.msmortuaryservice.com/,https://www.msmortuaryservice.com/
54aff9c4-885e-466e-bdfc-c5f2bcc11dc2,Samuel Jacksons Mortuary,Mobile,AL,http://www.samueljacksonmortuary.com/,https://www.samueljacksonmortuary.com/
5e8e692d-2a9e-47b9-9f60-59c9b0dd9d34,Neptune Society,Bakersfield,CA,http://www.neptunecremation.com,https://www.neptunecremation.com
bf2bfdf3-04b6-408d-9c03-81f50b874ed8,City of Oaks Funeral Home & Cremations,Raleigh,NC,http://www.cityofoakscremation.com,https://www.cityofoakscremation.com
38ad9aa7-af89-434a-9fa1-94933d609fb4,Natchez Trace Funeral Home,Jackson,MS,http://www.natcheztracefuneralhome.com/,https://www.natcheztracefuneralhome.com/
c1cddabb-3d39-4caf-883f-a79f30ad56b4,Midlands Cremations,Columbia,SC,http://www.midlandscremationssc.com/,https://www.midlandscremationssc.com/
39a9dab8-37a5-4b77-8f83-666661f3a365,Collins Funeral Home,Jackson,MS,http://www.servicebycollins.com/,https://www.servicebycollins.com/
ed7eeaeb-46cd-4362-8e54-c01e9e25cfb5,Perry's Funeral Home,Newark,NJ,http://www.perryfuneralhome.com/,https://www.perryfuneralhome.com/
5df0411d-0839-4d16-8d38-b68e46268118,Crescent Tide Cremation Services,Saint Paul,MN,http://www.crescenttide.com,https://www.crescenttide.com
9d109108-de66-4866-97fa-1b51057581d2,Golub Funeral Home,Cleveland,OH,http://www.golubfuneralhome.com/,https://www.golubfuneralhome.com/
b0d12ae8-7038-4cb9-9b3d-7f4cd536c5b1,Carolina Cremation Center & Funerals,Greensboro,NC,http://www.cremationcarolina.com/,https://www.cremationcarolina.com/
450cd8eb-29e5-4505-94ec-dfda2e9b50ff,Advantage Cremation Care,Cincinnati,OH,http://www.cremationcincinnati.com/,https://www.cremationcincinnati.com/
e33087c7-0a39-4ddf-b32e-1711d733c4c2,Austin Funeral & Cremation Services,Brentwood,TN,http://austinfuneralservice.com,https://austinfuneralservice.com
334724dd-3312-428b-a809-86203174863f,Cremation Society Of Illinois,Matteson,IL,http://www.cremation-society.com,https://www.cremation-society.com
b099141e-13c3-4db4-9936-79ed9d330616,"Forest Lawn Funeral Home, Cemetery, and Mausoleum",Omaha,NE,http://www.forestlawnomaha.com/,https://www.forestlawnomaha.com/
b8b76273-d3a0-47c9-b8d8-dccb2c8c2f0b,Cremation Society of Illinois,Chicago,IL,http://cremation-society.com,https://cremation-society.com
73f1bb15-33dc-49c7-a1bf-641a7c5ad373,Collins Northside Chapel,Jackson,MS,http://www.servicebycollins.com/,https://www.servicebycollins.com/
791b6f80-f3ea-4f59-bf2e-a0b1954d8117,Cremation Society of Illinois,Crystal Lake,IL,http://cremation-society.com,https://cremation-society.com
d1e63039-9980-4242-927f-835a6c7b089e,"Jones Family Mortuary, LLC",Houston,TX,http://www.jonesfamilymortuarytx.com/,https://www.jonesfamilymortuarytx.com/
e0b96889-97b9-474b-a93a-8cbe839f7d2c,MUZYKA & SON Funeral Home & Cremation Services,Chicago,IL,http://www.muzykafuneralhome.com/,https://www.muzykafuneralhome.com/
63ea7292-4b06-4203-af91-dff8d1b68d7c,"Smith, Dennis-Smith Funeral Home Chapel & Cremation",Atlanta,GA,http://smithdennissmithfuneralhome.com/,https://smithdennissmithfuneralhome.com/
bb0ec55d-b4b1-45ca-9a0c-debdd608d6f6,Batchelor Brothers & Jones Funeral Services,Philadelphia,PA,http://www.batchelorbrothers.com/,https://www.batchelorbrothers.com/
2f9ce7c2-5d38-410c-a302-f0c936764ecc,Gibbons Family Funeral Home,Chicago,IL,http://www.gffh.com/,https://www.gffh.com/
e2011b2e-7f4f-4a8e-93d5-1a35755060dc,Threadgill's Memorial Services,Portland,OR,http://www.threadgillmemorial.com/,https://www.threadgillmemorial.com/
9d0f7ee5-92b0-49dc-9451-7b2964c705bf,Direct Cremation,New York,NY,http://directcremationnyc.com,https://directcremationnyc.com
8581bea3-165b-46d4-bf3e-5643bf3b404d,Nashville Pet Crematory,Nashville,TN,http://nashvillepetcrematory.com,https://nashvillepetcrematory.com
28b08929-2d49-43ff-8219-64ffa1477e4f,Affordable Cremation,Brooklyn,NY,http://caribefuneral.com/?,https://caribefuneral.com/?
0812333a-c9c2-4128-b876-01778827d7a1,Direct Cremation USD 1590,Brooklyn,NY,http://caribefuneral.com,https://caribefuneral.com
e382a24a-fc9d-49f4-8dfd-3b96f4544ff7,"Direct Cremation Company, Ltd.",New York,NY,http://www.directcremationcompany.com,https://www.directcremationcompany.com
ae75ab8b-8b0b-4f9d-be6d-e7bd31f8318f,SOUTH LOS ANGELES CREMATION SERVICES,Los Angeles,CA,http://southlacremationservices.com,https://southlacremationservices.com
04077856-dd23-45b5-8c01-646c19953546,Cal Direct Cremation,Alhambra,CA,http://www.caldirectcremation.com,https://www.caldirectcremation.com
173deef6-5950-4d28-b282-7927628c3b37,Clarity Funerals & Cremation,Los Angeles,CA,http://www.clarityfunerals.com,https://www.clarityfunerals.com
cd63681a-dc21-4eb1-8a71-5ae95ca4759a,Direct Cremation OC,La Palma,CA,http://www.directcremationoc.com,https://www.directcremationoc.com
ae846932-587f-4044-bec2-bcc02d91bf7a,Direct Cremation LA,Los Angeles,CA,http://www.directcremationla.com,https://www.directcremationla.com
98dfaa42-6e9d-4ef2-8c72-0ac24ba63830,Affordable Cremations,Oak Lawn,IL,http://www.affordablecremationschicago.com,https://www.affordablecremationschicago.com
743c4260-fa88-42e4-a562-0f1c79e2e217,Theis-Gorski Funeral Home and Cremation Service,Washington,DC,http://theisgorski.com/,https://theisgorski.com/
0bcf95fd-e4a0-4ccf-8a6e-2c134e225d1d,Vaughn Greene Funeral Services,Baltimore,MD,http://vaughncgreene.com/,https://vaughncgreene.com/
e0326f39-0278-4f89-a968-277eed78f911,Cremation Center of Arizona,Phoenix,AZ,http://www.azcremationcenter.com,https://www.azcremationcenter.com
afd16bd7-55af-431d-9214-1f349723b46f,Affordable Cremation Center by Kramer,Dallas,TX,http://kramerfamilytexas.com,https://kramerfamilytexas.com
caeeb978-7ab7-4056-b7b2-b7af17093b0b,Simple Cremation-Dallas,Dallas,TX,http://www.simplecremation.org,https://www.simplecremation.org
7e9576bc-8724-4b01-beb8-cb4016627d9e,Simple Cremation-Fort Worth,Fort Worth,TX,http://www.simplecremation.org,https://www.simplecremation.org
8b39f613-d257-4a9b-b97d-a8b6bd98830a,Kramer Cremation,Hurst,TX,http://kramerfamilytexas.com,https://kramerfamilytexas.com
408aba5c-0e3b-48e5-af05-49f632fb01ee,749 Cremation by Kramer Affordable Cremation,Plano,TX,http://planocremations.com,https://planocremations.com
6bacd2b8-3dee-4ddc-a88b-83ead812937a,Heart of Texas Cremation,Austin,TX,http://www.heartoftexascremations.com,https://www.heartoftexascremations.com
f3768a8b-0c68-4b99-9961-fd8be6f9f083,Integrity Funeral Home and Cremations,Jacksonville,FL,http://www.integrityservices.org,https://www.integrityservices.org
a0a0ede6-dde5-43b0-93b9-d2155d6dc94f,Compassionate Care Pet Cremation,Jacksonville,FL,http://www.compassionatecarepetcremation.com,https://www.compassionatecarepetcremation.com
d8603f4e-dd2b-487f-be80-993ca4cef599,Precious Pets Cremation Services,Fort Worth,TX,http://pet-cremations.com/?utm_source=google-map&utm_campaign=gmb&utm_medium=organic,https://pet-cremations.com/?utm_source=google-map&utm_campaign=gmb&utm_medium=organic
3c2855e6-0556-47fe-a1a2-6e2d676410ef,Cremation Society of Indiana,Indianapolis,IN,http://www.cremationsocietyofindiana.com,https://www.cremationsocietyofindiana.com
88955f51-cfba-4e9c-a785-c2a128e8fd34,Chappell's Funeral Home,Raleigh,NC,http://www.chappellsfh.com/obituaries/obituary-listings,https://www.chappellsfh.com/obituaries/obituary-listings
b4e2d2b4-b09b-4718-a682-1ea8f4bfeebc,Cremation Society Of Los Angeles,Bell Gardens,CA,http://www.cremationlosangeles.com,https://www.cremationlosangeles.com
defdfe5f-dce8-4111-8337-6cc6e0fbf549,Thomas L. Nied Funeral Home,Pittsburgh,PA,http://www.niedfuneralhome.com/,https://www.niedfuneralhome.com/
10ffa1ba-066f-49b3-a295-67baf1ae0b66,Neidhard Young Funeral Home,Cincinnati,OH,http://www.youngfamilyfuneralhomes.com/,https://www.youngfamilyfuneralhomes.com/
c686fdd4-e61c-436f-a631-7601e618b0b2,Spartan Cremation Services,Colorado Springs,CO,http://spartancremation.com/,https://spartancremation.com/
2d1df736-0edd-4bd2-bf18-85a922ccb021,John F. Tierney Funeral Home,Hartford,CT,http://www.tierneyfuneralhome.com/,https://www.tierneyfuneralhome.com/
d673622b-effd-4c3d-94e1-17b54ddd3b27,Farley-Sullivan Funeral Homes,Hartford,CT,http://farleysullivan.com/,https://farleysullivan.com/
7d4c880c-52a4-40e5-8741-0698b677e5a3,Chiampa Funeral Home,Worcester,MA,http://www.chiampafuneralhome.com/,https://www.chiampafuneralhome.com/
832630f0-e610-4c9c-a7e4-48388828ce2b,Garrett Family Mortuary,Newark,NJ,http://www.garrettfamilymortuary.com/,https://www.garrettfamilymortuary.com/
a90a8958-8050-4c52-8fac-14a2915e2e55,Indiana Memorial Funeral Care & Cremation services,Indianapolis,IN,http://www.indianamemorial.com,https://www.indianamemorial.com
91bbc52a-c894-44af-b925-1ad4c66bc089,Gorny & Gorny Funeral Home,Newark,NJ,http://gornyandgornyfuneralhome.com/,https://gornyandgornyfuneralhome.com/
3ebbf1be-12c9-4643-99d4-b25942ec37d2,Mauna ʻAla — Royal Mausoleum,Honolulu,HI,http://dlnr.hawaii.gov/dsp/parks/oahu/royal-mausoleum-state-monument/,https://dlnr.hawaii.gov/dsp/parks/oahu/royal-mausoleum-state-monument/
9a72310a-11ca-4c69-a0c1-1a4caf2255ff,Luddy Cremation Care,Hartford,CT,http://www.luddycremationcare.com/,https://www.luddycremationcare.com/
20b8c91b-91e6-413e-a9cf-a5104316ae7a,"Sunwest Funeral Home, Cemetery & Crematory",Glendale,AZ,http://www.heritagefuneralchapels.com/,https://www.heritagefuneralchapels.com/
ea31f86c-4f46-4c5c-8137-49c46ff50b69,Gentle Goodbyes,Boise,ID,http://gentlegoodbyes.com/,https://gentlegoodbyes.com/
425b772e-0fc7-416f-9a81-2b3907e2d77e,Tradition Cremation Center,Riverside,CA,http://www.traditioncremation.com/,https://www.traditioncremation.com/
078d11e4-14e1-4873-a75d-8622a46e5925,A Simple Cremation Society of Central Indiana,Greenfield,IN,http://asimplecremationsociety.com,https://asimplecremationsociety.com
055e3359-d40b-4b22-9673-a01950c2c06c,Maryland Cremation Services,Severna Park,MD,http://www.marylandcremationservices.com,https://www.marylandcremationservices.com
424819ed-52c2-4b32-bf92-80407d14dd91,Direct Cremation Of Maine,Belfast,ME,http://www.directcremationofmaine.com,https://www.directcremationofmaine.com
94090fe1-3378-4788-a50d-49272f3f751c,Honor Memorial and Cremation Services,Livonia,MI,http://honormemorialservices.com,https://honormemorialservices.com
10ff9040-530e-4fcb-b001-29d8a5f12a8f,Spring Grove Funeral Homes,Cincinnati,OH,http://www.springgrove.org/,https://www.springgrove.org/
3374e2e2-f105-4396-b71c-e3112d839094,Lee Funeral Home,Pahrump,NV,http://www.leefuneralhome.biz,https://www.leefuneralhome.biz
8f194a32-7fdd-446f-8e52-651200f2636d,Simple Cremation West,Las Vegas,NV,http://www.simplecremation.us,https://www.simplecremation.us
c63b517e-4f53-4d5c-9bc1-daa397f04d5a,Georgia Cremation,Duluth,GA,http://georgiacremation.com,https://georgiacremation.com
4fed8a1f-335f-4f79-b28b-c7a0f577a0bf,City Cremation,San Francisco,CA,http://www.citycremation.com,https://www.citycremation.com
8389ffed-c08f-4876-a484-58441dfbecb4,Chiles Funeral Home Inc,Richmond,VA,http://www.chilesfuneralhome.com/,https://www.chilesfuneralhome.com/
9489b27d-e5ed-4291-89c1-1517c45b7011,Family Forever Pet Cremation,Indianapolis,IN,http://www.familyforeverpets.com,https://www.familyforeverpets.com
9499a33d-e073-4dc3-a66c-f21f81d0d868,Rahma Funeral Home,Dallas,TX,http://rahmafuneralhome.com/,https://rahmafuneralhome.com/
e5d8d4ec-63d3-4322-9c11-ae2956a94868,PREMIER CREMATORY LLC,Conyers,GA,http://premiercrematory.net,https://premiercrematory.net
d3bc1f30-e13b-4c79-b8a0-46a1646433ec,Pacific NW Cremation & Funeral,Spokane,WA,http://pnwcremation.com/,https://pnwcremation.com/
75865de7-8fab-41ff-8f89-918338f9d2f3,Florida Cremation Services LLC,Opa-locka,FL,http://www.floridacremationservicesllc.com,https://www.floridacremationservicesllc.com
4b0f0f7c-ad7c-49d3-acec-5b2836f06d6f,Herschel Thornton Mortuary,Atlanta,GA,http://www.thorntonmortuary.com/,https://www.thorntonmortuary.com/
ed1c8a52-b25c-429e-a3e7-3f9b7a39c7f0,Alameda Funeral & Cremation Services,Alameda,CA,http://www.alamedafuneral.org,https://www.alamedafuneral.org
948d0941-7f39-4122-a168-e9e44fd10b38,Caribe Affordable Funeral Home,New York,NY,http://www.caribefuneral.com/,https://www.caribefuneral.com/
da3ad382-3966-4df9-aeee-773632cebf1f,Cook & Son-Pallay Funeral Home,Columbus,OH,http://www.cookandsonpallay.com/,https://www.cookandsonpallay.com/
74ee6d1d-fc07-4a24-9f5b-aa7506d64e5f,Georgia Cremation,Atlanta,GA,http://georgiacremation.com/,https://georgiacremation.com/
b10feee1-ea17-42f5-8f8d-937bf16192cc,Speaks Funeral Home & Cremations,Atlanta,GA,http://speaksfunerals.com/,https://speaksfunerals.com/
ba8aecdf-83a5-4e2d-9583-622639bf19d5,Felix H. Morales Funeral Home & On-site Crematory,Houston,TX,http://www.moralesfuneralhome.com/,https://www.moralesfuneralhome.com/
234a4955-345f-44ea-ba24-84de13cfa77d,Mc Coy & Harrison Funeral Home,Houston,TX,http://www.mccoyandharrison.com/,https://www.mccoyandharrison.com/
f50cef00-d8f3-453c-945e-9d20a9bc7354,A Sacred Choice,Houston,TX,http://www.asacredchoice.com/,https://www.asacredchoice.com/
5778c2ef-a91a-49a5-8f91-976a2263a960,Sugar Land Mortuary,Houston,TX,http://slmortuary.com/,https://slmortuary.com/
58da2213-6232-448c-af02-1752cbb9911c,Southeast Texas Crematory,Houston,TX,http://www.southeasttexascrematory.com/,https://www.southeasttexascrematory.com/
9c02bf58-5e6a-4870-8fb3-f55ca7e7c9ea,Pruitt & Pruitt Mortuary,Houston,TX,http://www.jammierpruitt.com/,https://www.jammierpruitt.com/
386ab3df-5c3a-418d-97c4-db33f001a946,All County Cremation Service,Colma,CA,http://www.allcountycremationserv.com,https://www.allcountycremationserv.com
029efade-2a7b-4160-b2bd-2b587263fe45,Miller Funeral Services & Cremation Society of Texas,Houston,TX,http://www.millerfuneral.com/,https://www.millerfuneral.com/
15140aec-33e3-4bbf-bb6b-2eb34dfb4fd2,Meadow Memorials - Cremations and Funerals,Los Angeles,CA,http://www.meadowmemorials.com/?utm_source=GMB&utm_medium=button&utm_campaign=view_website,https://www.meadowmemorials.com/?utm_source=GMB&utm_medium=button&utm_campaign=view_website
c90e5bb1-2b1d-4a3c-919c-94dc2aad80ab,"Pollard & Moore Funeral Home, Inc.",Atlanta,GA,http://www.pollardfuneralhomeinc.com/,https://www.pollardfuneralhomeinc.com/
cd59b3c2-a5ae-41ea-83c8-2722bd995e8a,Claire Brothers Funeral Home,Houston,TX,http://www.clairebrothersfuneral.com/,https://www.clairebrothersfuneral.com/
8b8966f9-9fa9-4130-a616-1347e4b2c338,Guerra Gutierrez Mortuary,Los Angeles,CA,http://www.guerragutierrez.com/,https://www.guerragutierrez.com/
81751913-00f2-4ab6-96ed-e5833cdb077a,SoCal Cremations and Funerals,Los Angeles,CA,http://socalcremationsinc.com/,https://socalcremationsinc.com/
b3329aa4-4975-4ca9-a26d-57ef04e187c9,Kirk Mortuary Service,Houston,TX,http://www.kirkmortuaryservice.com/,https://www.kirkmortuaryservice.com/
ebd83249-1e91-47de-ad07-8975a734b6e6,"Donald Trimble Mortuary, Inc.",Atlanta,GA,http://www.donaldtrimblemortuary.com/,https://www.donaldtrimblemortuary.com/
b094ad4d-659f-4119-a446-15475d35361b,Central Chapel Funeral & Cremation,Chicago,IL,http://www.chapelc.com/,https://www.chapelc.com/
0a8a25ef-2b29-4a27-8bb1-ba2e69d8ad63,FRIENDS Funeral Home - Cremation and Burials Los Angeles,Los Angeles,CA,http://www.friendsaf.com/,https://www.friendsaf.com/
3f059a70-ad5c-4465-a204-a3020ee0c4d4,Alvarez Funeral Directors,Chicago,IL,http://www.alvarezfd.com/,https://www.alvarezfd.com/
1b51290c-e583-4b79-bffd-35b55a3a7bbd,Affordable Cremations,Chicago,IL,http://www.affordablecremationschicago.com/,https://www.affordablecremationschicago.com/
90a54683-255e-45a2-94bb-407daa05b411,Cremation Society Of Los Angeles,Los Angeles,CA,http://www.cremationlosangeles.com/,https://www.cremationlosangeles.com/
7f376afa-8688-4682-97a8-cd45adba04a1,"Jones Funeral Home, LLC",Chicago,IL,http://jonesfuneralhomechicago.com/,https://jonesfuneralhomechicago.com/
5d11c72e-6b4b-4225-9418-c99472146260,Casey & Rios Funeral Home,Chicago,IL,http://www.caseyandriosfh.com/,https://www.caseyandriosfh.com/
ed4fc925-b4ff-4a72-8247-e78063b0f733,Peace Chapel Funeral Home,Phoenix,AZ,http://www.citysearch.com/profile/634787394/phoenix_az/peace_chapel_llc.html,https://www.citysearch.com/profile/634787394/phoenix_az/peace_chapel_llc.html
acb8a261-6c53-4e74-84a6-347840099a2d,Heritage Funeral Chapel,Phoenix,AZ,http://www.heritagefuneralchapels.com/,https://www.heritagefuneralchapels.com/
9e774dc3-ef80-4dfe-a55b-1f3687c42eca,Mortuary Transport Services,Phoenix,AZ,http://mtsarizona.com/,https://mtsarizona.com/
5a4d9f4c-27ec-4f9f-b670-f579c837b77a,North Dallas Funeral Home,Dallas,TX,http://www.northdallasfuneralhome.com/,https://www.northdallasfuneralhome.com/
18aa8f1e-dab8-4724-a983-18887ef80228,Kramer Cremation,Dallas,TX,http://kramerfamilytexas.com/,https://kramerfamilytexas.com/
a7ae976f-3021-497c-a581-0abc91afc981,Sinai Mortuary of Arizona,Phoenix,AZ,http://sinaimortuary.net/,https://sinaimortuary.net/
978477f0-fd98-40ae-adec-774c7cb4b6e1,Simple Cremation-Fort Worth,Dallas,TX,http://www.simplecremation.org/,https://www.simplecremation.org/
1bb4f457-ed29-4f5b-b026-a95dfeb86096,749 Cremation by Kramer Affordable Cremation,Dallas,TX,http://planocremations.com/,https://planocremations.com/
5f498f4a-3bbf-4028-a9de-f039b8530059,Slater Funeral Home LTD.,Philadelphia,PA,http://www.slaterfuneralhome.com/,https://www.slaterfuneralhome.com/
ef90b0ef-9ee5-41df-82b8-21478fc23272,Lenwood Jones Funeral Home,Philadelphia,PA,http://www.lenwoodjonesfuneralhome.com/,https://www.lenwoodjonesfuneralhome.com/
ce544957-1b8c-4b6f-876c-43c5f52fd84a,Hancock Funeral Home Ltd,Philadelphia,PA,http://www.hancockfuneralhome.net/,https://www.hancockfuneralhome.net/
ee3b8ca3-2831-4ab9-aa46-db060f75d0f2,San Diego Funeral Service,San Diego,CA,http://sandiegoaffordablefunerals.com/,https://sandiegoaffordablefunerals.com/
a5f7fbe8-50ca-4dd5-8f39-ec878f109bf9,Pickens Funeral Home,Philadelphia,PA,http://www.pickensfuneralhome.com/,https://www.pickensfuneralhome.com/
cfb37097-5586-48ca-b7d2-f04073b9f38a,philadelphia crematories,Philadelphia,PA,http://www.philadelphiacrematories.com/about-us.aspx,https://www.philadelphiacrematories.com/about-us.aspx
acd3dd4a-4f2a-4fcb-ba3f-1ff72d7ebb7c,Cortez Cremations and Funeral Services,San Diego,CA,http://cortezcremation.com/,https://cortezcremation.com/
4b5b6406-4469-4b3a-800a-3a34ffedd47f,Lott's Mortuary,Dallas,TX,http://www.lottsmortuaryinc.com/,https://www.lottsmortuaryinc.com/
ed9a2302-9ef9-47df-87af-fc39d2f173ed,Cabrera Funeral Home,San Antonio,TX,http://www.cabrerafuneralhome.com/,https://www.cabrerafuneralhome.com/
2ec9f084-014c-4562-99f8-ad09d7dfe695,D W Brooks Funeral Home,San Antonio,TX,http://www.dwbrooksfuneralhome.com/,https://www.dwbrooksfuneralhome.com/
b8bfe72c-6431-48a6-959d-090bf50bbf2b,aCremation Funeral Home,Dallas,TX,http://acremation.com/,https://acremation.com/
bb174c26-ec9c-456c-9dbc-5b86e225de6d,Preferred Cremation & Burial,San Diego,CA,http://www.preferredcremation.org/,https://www.preferredcremation.org/
522d31e2-0fc3-4e08-a718-5e44df80a6d2,Village Cremation Services,San Diego,CA,http://www.villagecremations.com/,https://www.villagecremations.com/
847edfcb-7fa6-42ab-91b4-ee99dcc62d42,Heart of Texas Cremation San Antonio,San Antonio,TX,http://www.heartoftexascremations.com/,https://www.heartoftexascremations.com/
8e12e3f9-7819-46d1-9958-cb31663ecb47,FuneralCaring USA,San Antonio,TX,http://www.funeralcaringusa.com/,https://www.funeralcaringusa.com/
8059ab71-b342-4577-9ad5-7d83f2646f5d,Harlem Cremations,New York,NY,http://www.harlemcremations.com/,https://www.harlemcremations.com/
1c52a643-5d69-4b92-b35f-6af2c55ddf12,Benta's Funeral Home Inc,New York,NY,http://www.e-bfh.com/,https://www.e-bfh.com/
4ca7b7a3-5cc8-42ba-997d-ce3db676f18f,Gannon Funeral Home,New York,NY,http://www.gannonfuneralhome.com/,https://www.gannonfuneralhome.com/
417ab0a8-17f1-414c-a322-f246b99c6503,Q L Douglas Funeral Home,Jacksonville,FL,http://www.qldouglasfuneralhome.com,https://www.qldouglasfuneralhome.com
73c2b961-0541-4063-8ee4-4728fbb3ed06,Riverdale Funeral Home Inc,New York,NY,http://www.riverdalefuneralhome.com/,https://www.riverdalefuneralhome.com/
ac8bda26-f711-4a64-b460-f43f8181dd3e,Inpeace,New York,NY,http://www.inpeace.com/,https://www.inpeace.com/
c9f89dc0-d3d2-4d48-93ad-e4d41bea943e,"Meadowlawn Memorial Park, Inc.",San Antonio,TX,http://www.meadowlawn.net/,https://www.meadowlawn.net/
61d3a712-507b-44e8-ae4c-73ae1046ada0,Lima-Campagna-Alameda Mission Chapel,San Jose,CA,http://www.limacampagnamortuaries.com/,https://www.limacampagnamortuaries.com/
0c1c4133-7c3c-4cb3-8013-4756884cec52,Neptune Society,San Jose,CA,http://www.neptunecremation.com/,https://www.neptunecremation.com/
9edfc865-c3d4-4d2d-a567-efb69b19bc74,Austin Peel & Son Funeral Home Inc,Austin,TX,http://www.austinpeel.com/,https://www.austinpeel.com/
394fd729-850f-45a6-b63e-68c2bcb650e2,Santa Clara Funeral & Cremation Services,San Jose,CA,http://www.cremationfuneralhomes.com/,https://www.cremationfuneralhomes.com/
703d4797-41cb-4aac-b312-9ab673b1bc66,BAILEY'S FUNERAL HOME,New York,NY,http://www.baileysfuneralhomeny.com/,https://www.baileysfuneralhomeny.com/
237c23d3-cc8a-4e3b-8890-89efee87e156,Ohio Cremation & Memorial Society,Columbus,OH,http://www.ohiocremation.org/,https://www.ohiocremation.org/
2126dbff-60a5-4bf9-8c9a-b88cc4dcf13a,Fremont Chapel of the Roses,San Jose,CA,http://www.fremontchapeloftheroses.com/,https://www.fremontchapeloftheroses.com/
5aa2768c-546d-4f97-9a05-fcf318cf2bf5,Caliman Funeral Services Inc,Columbus,OH,http://www.calimanfuneralservices.com/,https://www.calimanfuneralservices.com/
f2b3d2eb-23db-4f98-9a62-7d58731a7f2e,Martin Thompson & Son Funeral Home,Fort Worth,TX,http://thompsonfuneral.com/,https://thompsonfuneral.com/
8e62f535-5370-4786-a419-31f63fdbc5ef,Robertson Funeral & Cremation Service,Charlotte,NC,http://www.throbertson.com/,https://www.throbertson.com/
51ac4493-dfd1-4912-a6d9-83137cb29327,King's Funeral Home,Charlotte,NC,http://kingsfuneralhomenc.com/,https://kingsfuneralhomenc.com/
ce9836fe-4107-4bab-a5e0-f46bf732aa12,Simply Cremations of Charlotte,Charlotte,NC,http://simplycremationscharlotte.com/,https://simplycremationscharlotte.com/
6de17347-fb87-4390-b540-787b84c983d3,Stevens Mortuary,Indianapolis,IN,http://www.stevensmortuary.net/,https://www.stevensmortuary.net/
7aadfc86-baf0-4dd7-a6ad-31922b5f1ff6,G H Herrmann Funeral Homes,Indianapolis,IN,http://www.ghherrmann.com/,https://www.ghherrmann.com/
e1615c60-13df-41c1-8051-cdde43a8b505,Rawls Mortuary,Indianapolis,IN,http://www.rawlsmortuary.com/,https://www.rawlsmortuary.com/
dc10e4bc-b47e-4f22-b94b-c2ebb31f80af,Garden Chapel Inc.,San Francisco,CA,http://gardenchapel885.com/,https://gardenchapel885.com/
1c68270f-aab7-413d-90f6-607dc30e5daa,Driscoll's Valencia Street Mortuary,San Francisco,CA,http://www.driscollsmortuary.com/,https://www.driscollsmortuary.com/
c81bdbc7-a8e3-4013-b8a5-983350cc0afd,Alameda Funeral & Cremation Services,San Francisco,CA,http://www.alamedafuneral.org/,https://www.alamedafuneral.org/
272716ff-5995-4d83-89f5-e2dcceed4988,Diablo Valley Cremation & Funeral Services,San Francisco,CA,http://www.diablovalleycremation.com/,https://www.diablovalleycremation.com/
2d83717e-5b34-4604-953e-9cb0aeb4fa1b,Marlatt Funeral Home & Crematory,Seattle,WA,http://www.marlattfuneralhome.com/,https://www.marlattfuneralhome.com/
c5b4cfb0-98e7-48d6-bbd3-ae7fea299528,Pacific Interment Service,San Francisco,CA,http://www.interment.com/,https://www.interment.com/
d43c49ba-61cd-47ea-91df-81da951c156b,Taylor Funeral & Cremation Services,Denver,CO,http://www.taylormortuary.com/,https://www.taylormortuary.com/
6f424e15-e29b-4a14-bdec-cfe533a68697,Kramer Family Funeral & Cremation Center. Affordable. Professional.,Denver,CO,http://kramercremationdenver.com/,https://kramercremationdenver.com/
6e936342-1c6f-40bd-ac62-b68318b14ebe,Cremation and Funeral Services of Tennessee,Nashville,TN,http://www.cremationandfuneralservices.com/,https://www.cremationandfuneralservices.com/
d86cfa3e-8033-428f-ab01-ca28cacf9c4f,Austin Funeral & Cremation Services,Nashville,TN,http://austinfuneralservice.com/,https://austinfuneralservice.com/
27dc5971-6b02-4f9d-ad19-a90390adf775,Affordable Cremation,Denver,CO,http://cremationservicesdenver.com/,https://cremationservicesdenver.com/
67809d05-db9b-4ea3-9d26-275859cdb215,Mercer-Adams Funeral Service,Oklahoma City,OK,http://www.mercer-adams.com/,https://www.mercer-adams.com/
538158f2-a415-4167-a59d-43d40703b91c,Signature Cremation & Funeral Care,Oklahoma City,OK,http://www.signaturecremations.com/,https://www.signaturecremations.com/
518619e2-ace2-4b2e-8524-350f27583ebb,"Stewart Funeral Home, Inc.",Washington,DC,http://www.stewartfuneralhome.com/,https://www.stewartfuneralhome.com/
a1ea492c-4641-4f21-a559-5f8fc7e7f78c,Oklahoma Mortuary Service,Oklahoma City,OK,http://www.oklahomamortuaryservice.com/,https://www.oklahomamortuaryservice.com/
3eff330e-a5ae-4ff5-98c6-19dbd511dfc1,Grace Murray Funeral Home,Washington,DC,http://www.gracemurrayfuneral.com/,https://www.gracemurrayfuneral.com/
9b0c8875-723e-455d-be89-b2deea54ebeb,R.N. Horton's Funeral Service,Washington,DC,http://rnhorton.com/,https://rnhorton.com/
7f6492d4-eb60-410e-ab69-f7286b98e8a7,Tri-State Funeral Services,Washington,DC,http://tri-statefuneralservices.com/,https://tri-statefuneralservices.com/
8640a462-c692-4225-8e5a-02c2b19198ba,Ralph Schugar Inc Funeral Home,Pittsburgh,PA,http://www.schugar.com/,https://www.schugar.com/
a53c3518-3411-42c7-8b3d-d2d91c3686ef,All County Cremation Service,San Francisco,CA,http://www.allcountycremationserv.com/,https://www.allcountycremationserv.com/
76d35fe9-9288-4e8a-943c-05feca4e83dc,Oman Funeral Home & Crematory,Virginia Beach,VA,http://www.omanfh.com/?utm_source=gmbp&utm_medium=google&utm_campaign=gmbp25-chesapeake&utm_id=omanfh,https://www.omanfh.com/?utm_source=gmbp&utm_medium=google&utm_campaign=gmbp25-chesapeake&utm_id=omanfh
94e4d97d-9f26-4b33-b2f5-7f6fcd2a606d,Perryman's Mortuary,Louisville,KY,http://perrymansmortuary.net/,https://perrymansmortuary.net/
44e0965d-a547-405a-af3b-116a09d8cfcc,Portland Cremation Center LLC & Mortuary Services,Portland,OR,http://www.portlandmortuaryservices.com/,https://www.portlandmortuaryservices.com/
b2ddcdae-2516-4883-a37f-c8713ed059d8,"Serenity Funeral and Cremation Services, PA",Baltimore,MD,http://www.serenityfuneralandcremationservices.com/,https://www.serenityfuneralandcremationservices.com/
d49724f2-3740-44bb-92f8-e33025f38869,"After Life Mortuary Services, LLC.",Memphis,TN,http://almsofmemphis.org/,https://almsofmemphis.org/
fea7f3fd-be23-48fa-8e60-4efe4993f203,Howell Funeral Home,Baltimore,MD,http://www.howellfamilyfunerals.com/,https://www.howellfamilyfunerals.com/
c06d9c05-dc33-4299-81cf-0226c8fde40e,Chatman Harris Funeral Home,Baltimore,MD,http://www.chatmanharrisfh.com/,https://www.chatmanharrisfh.com/
0ea633de-d4ba-48f8-9da8-02dd70d52da7,Maryland Cremation Services,Baltimore,MD,http://www.marylandcremationservices.com/,https://www.marylandcremationservices.com/
59bc1b86-77f5-4898-8dee-9775c2489ac2,Goodman-Bensman Funeral Home,Milwaukee,WI,http://www.goodmanbensman.com/,https://www.goodmanbensman.com/
2d28b03f-b97d-4d07-a81f-c4b6355f6850,Serenity Funeral Home,Milwaukee,WI,http://www.serenityinfo.com/,https://www.serenityinfo.com/
37fcbbc7-fc6e-4f66-93ff-991e9115b686,R S Lewis & Sons Funeral Home,Memphis,TN,http://www.rslewisandsonsfuneralhome.com/,https://www.rslewisandsonsfuneralhome.com/
360411d7-95c8-41b8-ac59-9616ab513e8f,Schaff Funeral Services,Milwaukee,WI,http://www.schafffuneralhome.com/,https://www.schafffuneralhome.com/
3fc0e6d1-d75d-4943-9539-1aa032a6e31f,Cremation Services of Minneapolis/Saint Paul,Saint Paul,MN,http://www.cremation-services.com,https://www.cremation-services.com
f42e1207-2220-47f7-9a30-2121f4e169b9,Grace Memorial Family Service Center,Milwaukee,WI,http://gracememorial.info/?utm_source=gmb&utm_medium=referral,https://gracememorial.info/?utm_source=gmb&utm_medium=referral
2bc75cb0-10da-444b-b6c7-04cb88965220,The New Pitts Mortuary,Milwaukee,WI,http://www.newpitts.com/,https://www.newpitts.com/
ae0d0203-bf2f-4199-a6e3-545e6b0adcd0,Dignity Funeral Services,Milwaukee,WI,http://dignityfs.com/,https://dignityfs.com/
8d723d8a-b068-447a-883e-1ecbd24def35,John F Slater Funeral Home Inc,Pittsburgh,PA,http://www.johnfslater.com/,https://www.johnfslater.com/
29e9db63-bec4-4fa7-83bf-4fa8873cc8fc,Ramirez Funeral Home,Tucson,AZ,http://www.ramirezfuneralhome.com/,https://www.ramirezfuneralhome.com/
87d45bf1-e695-43a6-87ae-c1fbcd3410b0,Angels Cremation - Fresno,Fresno,CA,http://angelscremation.com/,https://angelscremation.com/
14f94726-4b72-4825-8c63-3f6c913a156c,Highland Park Funeral Home and Crematory,Kansas City,MO,http://www.highlandparkfh.com/,https://www.highlandparkfh.com/
62cef71c-3d1a-4830-9032-5f28520f779e,Affordable Cremation Service,Kansas City,MO,http://affordablecremationkc.com/,https://affordablecremationkc.com/
8aef26e3-1f67-4584-b03b-2841565a89bf,Leon L. Williamson Funeral Home,Milwaukee,WI,http://www.leonlwilliamsonfuneralhome.com/,https://www.leonlwilliamsonfuneralhome.com/
ccbe6f35-969a-4289-9a44-076c6908bd03,Signature Funerals,Kansas City,MO,http://www.signaturefunerals.com/,https://www.signaturefunerals.com/
b1fae45c-0c6e-40fd-b45f-08c4e6cddb16,River Cities Funeral Chapel,Sacramento,CA,http://www.rivercitiesfuneralchapel.com/,https://www.rivercitiesfuneralchapel.com/
a5d77a01-2864-4a2e-97e8-dd98897013b6,Bellevue Memorial Funeral Chapel,Omaha,NE,http://www.bellevuefuneralchapel.com/,https://www.bellevuefuneralchapel.com/
ee7bac24-c185-46ee-b5d5-e3806daf6371,Heafey Hoffmann Dworak Cutler Chapel,Omaha,NE,http://www.heafeyheafey.com/,https://www.heafeyheafey.com/
2199faca-1fbd-47fe-9f08-bb179b07c476,Raleigh Durham Cremation and Funeral Service,Raleigh,NC,http://www.rducremations.com/?utm_source=Google&utm_medium=Link&utm_campaign=treasmem+GMB&utm_id=&localservicead,https://www.rducremations.com/?utm_source=Google&utm_medium=Link&utm_campaign=treasmem+GMB&utm_id=&localservicead
1325b223-edfe-4bd6-b634-c5b9e604b3e7,Korisko Larkin & Staskiewicz,Omaha,NE,http://www.klsfuneral.com/,https://www.klsfuneral.com/
6b403aa9-104d-49cb-9ec9-49ce30d4ba9f,First Cremation Society,Raleigh,NC,http://firstcremation.com/,https://firstcremation.com/
d3541d83-4f01-4d96-9145-706f8754bc30,Cremation Service of New Mexico,Albuquerque,NM,http://cremationsnm.com/,https://cremationsnm.com/
00767719-1750-41ce-851b-8486354c4459,Cremation Services of Minneapolis/Saint Paul,Minneapolis,MN,http://www.cremation-services.com/,https://www.cremation-services.com/
dee73b6e-1bbe-4201-a0b8-07e3ba66e374,The Major Funeral Home & Chapel,Arlington,TX,http://www.majorfuneralhome.com/,https://www.majorfuneralhome.com/
8f5e6df1-f27a-4d95-b6e4-9e237197ba74,"Endswell Funeral Home: Cremation | Aquamation | Burial - Chapel Hill, NC",Raleigh,NC,http://www.endswellfuneralhome.com/,https://www.endswellfuneralhome.com/
46d30ea5-15f4-45fc-be8b-61eb578fca47,Crescent Tide Cremation Services,Minneapolis,MN,http://www.crescenttide.com/,https://www.crescenttide.com/
140129c6-33a8-4b34-b43e-e0771e649da0,ScrivensJohnson Mortuary & Crematorium,Tampa,FL,http://www.scrivensjohnsonmortuary.com/,https://www.scrivensjohnsonmortuary.com/
6c9b5d4c-f9bd-42bf-90d7-29995470cfe4,Community-Cremation,Tampa,FL,http://community-cremation.com/,https://community-cremation.com/
e07f52bf-8a10-4888-bf0e-154bb11b233a,"Florida Family Cremations, Inc.",Tampa,FL,http://www.floridafamilycremations.com/,https://www.floridafamilycremations.com/
3de873bb-91ed-4b8b-82be-1b86be2ff6c7,"Audubon Funeral Home, Cremation Services, & Cemetery",New Orleans,LA,http://www.audubonfuneralhome.com/,https://www.audubonfuneralhome.com/
241553bf-cd7b-44e0-a0f4-9859195814d8,Alpha Cremation-Major Funeral Home Chapel,Arlington,TX,http://www.majorfuneralhome.com/,https://www.majorfuneralhome.com/
137c90be-c82b-4f45-81cd-469197219f15,Angel Hills Funeral Directors,Arlington,TX,http://www.angel-hills.com/,https://www.angel-hills.com/
63c0bf74-170a-4242-a634-5b2e2b4b8f73,American Cremation & Funeral Service,Raleigh,NC,http://www.americancremationservices.net/,https://www.americancremationservices.net/
83aa684b-0428-49f0-b765-093e23e5033a,Direct Cremation OC,Anaheim,CA,http://www.directcremationoc.com/,https://www.directcremationoc.com/
a51975dc-1b7a-4b8e-8017-29b4bbe58f88,Johnson & Taft Mortuary,Bakersfield,CA,http://johnsontaftmortuary.com/,https://johnsontaftmortuary.com/
46892dfb-bf4e-4f8f-bb32-5026d974e61f,Reflections Funeral Services,Anaheim,CA,http://www.reflectionsfuneralservices.com/,https://www.reflectionsfuneralservices.com/
d54ac3e1-69b3-4fd2-a258-70b0844099b5,Southwest Mortuary Services Inc,Anaheim,CA,http://www.voneschlaw.com/,https://www.voneschlaw.com/
b5261d42-7d9a-4b68-94d0-6390108c7d55,"Integrity Funeral Services Of Tampa FL, Inc.",Tampa,FL,http://www.integrityfuneralservices.com/,https://www.integrityfuneralservices.com/
ebd85695-c471-405d-aac7-6f1b220770ee,East Lawn Mortuary & Sierra Hills Memorial Park,Sacramento,CA,http://www.eastlawn.com/,https://www.eastlawn.com/
b6db98d8-8df4-41f9-abf3-75756b4a2844,H D Oliver Funeral Apartments,Virginia Beach,VA,http://www.hdoliver.com/,https://www.hdoliver.com/
cb702f66-e182-4318-b708-808f1a25c9c3,Affordable Cremations of Virginia,Virginia Beach,VA,http://affordablecremationsofvirginia.com/,https://affordablecremationsofvirginia.com/
025dfe0c-2c94-4c36-998a-ab9426d3e23c,"Bluegrass Cremation Service, Llc",Lexington,KY,http://www.bluegrasscremation.com/,https://www.bluegrasscremation.com/
d26ba36e-470b-41d8-968a-2f14bdebd783,"Historic Union Cemetery, Crematory & Funeral Home",Bakersfield,CA,http://www.unioncemeterybakersfield.com/,https://www.unioncemeterybakersfield.com/
71a4b967-0ba9-4774-812e-134cd16da47a,Colonial Rose Chapel & Cremation,Stockton,CA,http://www.colonialrosechapel.com/,https://www.colonialrosechapel.com/
8506556e-ccd2-4f83-a312-7247c7e98ef6,Cherokee Memorial Park & Funeral Home,Stockton,CA,http://www.cherokeememorial.com/,https://www.cherokeememorial.com/
a6fbdfa5-569f-4996-a124-b0dfd004f0b0,Parker Funeral Home and Crematory,Aurora,CO,http://www.pfh-co.com/,https://www.pfh-co.com/
455898af-b418-478f-ada6-e171cb4c9575,Graham Funeral Home & Crematory,Virginia Beach,VA,http://www.grahamfuneralhome.com/,https://www.grahamfuneralhome.com/
ab2c2073-532a-4cf6-80da-6590fc1a7aec,Cano Funeral Home,Stockton,CA,http://canofuneralhomestockton.com/,https://canofuneralhomestockton.com/
22bb3f94-1a84-4834-9e8d-92f955146f8a,Blackburn & Ward Funeral Home,Lexington,KY,http://www.blackburnandward.com/,https://www.blackburnandward.com/
2b0c0073-b11f-403a-9b06-164c3b50f4d7,"Combs, Parsons and Collins Funeral Home Inc",Lexington,KY,http://www.cpcfh.com/,https://www.cpcfh.com/
322909a9-3e07-47d8-a80a-d440cc90b2ee,John N Elachko Funeral Home,Pittsburgh,PA,http://www.elachko.com/,https://www.elachko.com/
6597d9f2-f1c1-4c96-83f3-ba1981878678,Rogers Funeral Home,Lexington,KY,http://www.rogersfrankfort.com/,https://www.rogersfrankfort.com/
c8186402-1f05-4d02-8237-a2641fed7a4e,Chapel of The Palms,Stockton,CA,http://chapelofthepalms.com/,https://chapelofthepalms.com/
8d641b63-3e82-4c9f-8dfa-e805effa67e8,"Soxman Funeral Homes, Ltd.",Pittsburgh,PA,http://soxmanfuneralhomes.com/,https://soxmanfuneralhomes.com/
dcf40680-1f18-41fb-9a59-5227605145ea,Berge-Pappas-Smith Chapel Of The Angels,San Jose,CA,http://www.bergepappassmith.com/,https://www.bergepappassmith.com/
debb2a6d-e1a6-4fbc-a906-090d83cfbb28,Barton Family Funeral Service,Seattle,WA,http://bartonfuneral.com/,https://bartonfuneral.com/
7998f76f-9d83-41dc-a606-5a646aed4c1a,Affordable Cremation Association,Pittsburgh,PA,http://affordablecremationassociation.com/,https://affordablecremationassociation.com/
b55396de-40c8-47bd-a0ac-adc2b3587892,Evans Funeral Chapel,Baltimore,MD,http://www.evansfuneralchapel.com/,https://www.evansfuneralchapel.com/
110daf15-9c48-46c0-abd9-9b725c651d63,San Joaquin Catholic Cemetery,Stockton,CA,http://www.sjcemeteries.com/,https://www.sjcemeteries.com/
85a56bb0-4648-4c2b-8d45-39f9a7c95c3b,Kramer Affordable Cremation,Salt Lake City,UT,http://kramerfamilyfuneral.com/,https://kramerfamilyfuneral.com/
cc45716e-2609-4d3e-b3ee-4dd9c579cb97,Michigan Cremation - $695,Detroit,MI,http://www.michiganfuneralhome.com/,https://www.michiganfuneralhome.com/
87780041-0685-45c6-8381-291e7b4bc52a,Cincinnati College of Mortuary Science,Cincinnati,OH,http://www.ccms.edu/,https://www.ccms.edu/
e7ddfc74-7362-41ba-bf8f-3580332f4320,W.E. Lusain Funeral Home and Crematory,Birmingham,AL,http://www.lusainmemorial.com/bhm.htm,https://www.lusainmemorial.com/bhm.htm
1598c33a-2b00-47a6-8312-82b59ebd38f1,Rahman Funeral Home,Detroit,MI,http://rahmanfuneralhome.com/,https://rahmanfuneralhome.com/
bf29d4fb-e362-456d-b294-88df2eaf702f,Mimms Funeral Services,Richmond,VA,http://www.mimmsfuneralhome.com/,https://www.mimmsfuneralhome.com/
18435322-26a8-4c94-9618-4ef63272238a,Richmond Cremation,Richmond,VA,http://www.richmondcremation.com/,https://www.richmondcremation.com/
56caa598-02ba-4d28-8ed1-3fec75add7e8,"Duzak Funeral & Cremation Center, Inc",Detroit,MI,http://duzakcremation.com/,https://duzakcremation.com/
8bd53507-4d22-4147-9070-33fab496fc9b,Arrington Funeral Home Inc.,Birmingham,AL,http://www.arringtonfuneralhome.com/,https://www.arringtonfuneralhome.com/
fe6f5b85-e976-4a3c-a5d6-dd504010fa1b,Ellis Funeral Home,Detroit,MI,http://www.ellisfuneralhomeinc.com/,https://www.ellisfuneralhomeinc.com/
86809c8f-b068-4ab9-9b68-8a686b9a514d,"Valor Memorial, Funeral Home, Chapel and Cremation Services",Tacoma,WA,http://www.valormemorial.com/,https://www.valormemorial.com/
879d235a-7ed6-48af-9edf-5ef65f4ce6df,Fir Lane Memorial Park & Funeral,Tacoma,WA,http://www.firlane.com/,https://www.firlane.com/
283b4b58-1333-4040-af89-7132ca9d6c1d,Spokane Cremation & Funeral Service,Spokane,WA,http://www.spokanecremation.com/,https://www.spokanecremation.com/
1f7caa7d-94a7-4cd7-b451-e325a2941dd1,Church Angels Funeral Home,Fort Worth,TX,http://churchangelsfuneralhome.com/,https://churchangelsfuneralhome.com/
2511a4e1-1de0-4de5-9b11-43251dc7cf12,Ratterman Embry Bosse Funeral & Cremation Care,Louisville,KY,http://www.ratterman.com/,https://www.ratterman.com/
39ac5e53-656d-4087-accd-9c2e1a893d08,Click Funeral Home and Cremations Middlebrook Chapel,Knoxville,TN,http://www.clickfh.com/,https://www.clickfh.com/
43363cac-df22-4c5d-8c95-336d508aeaab,Click Funeral Home Farragut Chapel,Knoxville,TN,http://www.clickfh.com/,https://www.clickfh.com/
7c66b30a-71e9-4a31-8373-73428755ae09,Cremation Society of East Tennessee,Knoxville,TN,http://www.cremationset.com/,https://www.cremationset.com/
8624b0df-97b1-4f7e-a83e-64b751ad6d3e,Springer & Son Aloha Funeral Home,Portland,OR,http://www.springerandson.com/,https://www.springerandson.com/
6815c7fe-497a-4f8d-9518-02163a37c524,Rose Mortuary Mann Heritage Chapel,Knoxville,TN,http://www.rosefuneraltn.com/,https://www.rosefuneraltn.com/
6b060760-db75-4578-9310-44a879d40481,Good Samaritan Funeral Home,Shreveport,LA,http://goodsamaritanfuneralhome.com/,https://goodsamaritanfuneralhome.com/
ab6c6863-80bc-43ec-ae34-88213739e33e,Gunn Funeral Home,Little Rock,AR,http://www.gunnfuneralhomeandcremation.com/,https://www.gunnfuneralhomeandcremation.com/
2fc2a1fa-b5b8-423f-b85b-c0fc683eb368,Merle Hay Funeral Home,Des Moines,IA,http://www.merlehayfuneralhome.com/?utm_source=gbp&utm_medium=organic&utm_campaign=gbp-listing,https://www.merlehayfuneralhome.com/?utm_source=gbp&utm_medium=organic&utm_campaign=gbp-listing
ec0d695d-65a6-4ca7-8632-e4abe72150e7,Clements Funeral Service Inc,Durham,NC,http://www.clementsfuneralservice.com/,https://www.clementsfuneralservice.com/
47765f24-381b-4f20-9e30-842e2c9045be,Holloway Memorial Funeral Home,Durham,NC,http://www.hollowaymemorial.com/,https://www.hollowaymemorial.com/
0b708b50-af0b-47b6-8bb2-363fae6ac33e,Foster Funeral & Cremation Services,Madison,WI,http://www.fosterfuneralhomes.com/,https://www.fosterfuneralhomes.com/
ed0218df-e506-4c35-8a10-e50645b0d8cc,Premier Funeral Home,Little Rock,AR,http://premierfuneralhomelr.com/,https://premierfuneralhomelr.com/
7c609a45-4513-4320-abd0-b73acc3b9262,Burthey Funeral Service,Durham,NC,http://burtheyfuneralservice.com/,https://burtheyfuneralservice.com/
aacf3e01-ccfb-4afe-9fcc-b036664994ea,Robinson Mortuary,Little Rock,AR,http://www.robinsonmortuary.com/,https://www.robinsonmortuary.com/
1508f600-89ca-4ea2-81da-ccad7bd1cdc7,Affordable Cremations of Winston-Salem,Winston-Salem,NC,http://www.affordablecremationswsnc.com/,https://www.affordablecremationswsnc.com/
2c8e031a-1718-4b42-b6d6-e6787ec9cde1,Carolina Cremation Center & Funerals,Winston-Salem,NC,http://www.cremationcarolina.com/,https://www.cremationcarolina.com/
5a2d8ed4-9e2f-45a5-866a-83558db20440,Cumberland Crematorium Center,Fayetteville,NC,http://www.cumberlandcrematoriumcenter.com/,https://www.cumberlandcrematoriumcenter.com/
97fbd149-2797-4b1c-ac63-d232771b0b95,Lusain Funeral Home and Crematory Ohio (formerly Bowman Funeral Chapel),Dayton,OH,http://www.lusainohio.com/,https://www.lusainohio.com/
1048ca1e-392f-4f77-aa06-fc31346069ce,Ryan Funeral Home – North East Side,Madison,WI,http://www.ryanfuneralservice.com/,https://www.ryanfuneralservice.com/
2795a3c0-4bf8-44ad-bd5a-a44dfee7be71,Caring Cremation Services,Toledo,OH,http://www.caringcremationservices.com/,https://www.caringcremationservices.com/
09fc1674-2af4-4a2d-8182-a2f8bab35996,Matthysse Kuiper DeGraaf Funeral Home & Cremation Services,Grand Rapids,MI,http://www.mkdfuneralhome.com/?utm_source=gmb&utm_medium=organic&utm_campaign=gmb-listing,https://www.mkdfuneralhome.com/?utm_source=gmb&utm_medium=organic&utm_campaign=gmb-listing
750d9877-41ba-4ffb-b675-63fe2661e0d7,Kindred Funeral Home,Dayton,OH,http://www.kindredfuneralhome.com/,https://www.kindredfuneralhome.com/
b6749d83-a589-4bd8-8076-9bc9469083f7,Buszka Funeral Home Inc,Buffalo,NY,http://www.buszkafuneralhome.com/,https://www.buszkafuneralhome.com/
26715e0b-b137-4130-8a66-a008011daabd,W.E. Lusain Funeral Home and Crematory,Dayton,OH,http://www.lusainohio.com/,https://www.lusainohio.com/
0fd30372-cca0-4e46-b590-6ea2dce065ea,Heritage Cremation & Burial Society,Akron,OH,http://www.heritagecremationsociety.com/,https://www.heritagecremationsociety.com/
c8f0c23d-af3a-4dae-ac88-20c1b2cb89b2,Schlientz & Moore Funeral Home,Dayton,OH,http://www.schlientzandmoore.com/,https://www.schlientzandmoore.com/
9f4f1c38-b7dd-44b6-8e9e-051901e73372,John E Roberts Funeral Home,Buffalo,NY,http://www.jerfh.com/,https://www.jerfh.com/
6daa6b21-4171-420b-b08b-a021f9b23def,American Cremation Events,Toledo,OH,http://americancremationevents.com/,https://americancremationevents.com/
36f7ac55-4808-4520-8673-4669cbb185b5,"Millard E Latimer & Son Funeral Directors, Inc.",Rochester,NY,http://melatimerfuneralhome.com/,https://melatimerfuneralhome.com/
db4680c5-e48b-482e-8e36-daf04b0ce332,"D.M. Williams Funeral Home, Inc.",Rochester,NY,http://dmwilliamsfuneralhome.org/,https://dmwilliamsfuneralhome.org/
d938bba7-702c-433b-a6dc-048d17f49dc0,Memories Funeral Home,Rochester,NY,http://www.memoriesfuneralhome.com/,https://www.memoriesfuneralhome.com/
ca2fc67e-22a9-4373-a430-28d52eb9d06c,Buffalo Niagara Cremation Services,Buffalo,NY,http://www.buffaloniagaracremation.com/,https://www.buffaloniagaracremation.com/
6cd4319b-28e5-44cd-b236-db4ae462256e,Perry-McStay Funeral Home,Providence,RI,http://www.perrymcstay.com/,https://www.perrymcstay.com/
f8cf891f-7eb0-4101-a653-e2feeb484b21,Meyers Funeral Home,Albany,NY,http://meyersfuneralhome.com/,https://meyersfuneralhome.com/
cf966b41-81ed-4358-a560-212acc3c335b,W. Raymond Watson Funeral Home,Providence,RI,http://www.wrwatsonfuneralhome.com/,https://www.wrwatsonfuneralhome.com/
3d558fcd-22bc-49dd-8f46-efa12a798b8c,Cremation Society of Connecticut,Hartford,CT,http://www.cremationct.com/,https://www.cremationct.com/
0c59311b-965f-4bba-b06c-9506a5825080,Brighton Memorial Chapel Inc. (bought Parsky Funeral Home),Rochester,NY,http://www.brightonmc.com/,https://www.brightonmc.com/
07c584db-a38d-481e-ac12-1d86b85f4f94,Audubon Funeral Home and Cremation Services,Buffalo,NY,http://www.buffalo-funeralhome.com/,https://www.buffalo-funeralhome.com/
7366b5a7-1217-4321-ab6c-fad219606a01,Abriola Parkview Funeral Home,Bridgeport,CT,http://www.abriola.com/,https://www.abriola.com/
10e430e3-889b-447d-9bcb-f59d7964e8c3,Tebbutt & Frederick Memorial Home,Albany,NY,http://www.sbfuneralhome.com/,https://www.sbfuneralhome.com/
115fdbf1-da02-41f1-9ef4-454b474b29fb,Paul W Harris Funeral Home Inc,Rochester,NY,http://www.harrisfuneralhome.com/,https://www.harrisfuneralhome.com/
295c1d38-c8d2-4579-ba88-79cb7744cc8c,Sheehan Hilborn Breen Funeral Home,Hartford,CT,http://www.sheehanhilbornbreen.com/,https://www.sheehanhilbornbreen.com/
f5794405-0972-46d4-8019-21d5e4ea59b3,Reilly & Son Funeral Home Inc.,Albany,NY,http://www.reillyandson.com/,https://www.reillyandson.com/
8e2c8455-88d7-46f3-869b-1707ef29da0b,Larson Funeral Home,Bridgeport,CT,http://www.larsonfh.com/,https://www.larsonfh.com/
d90f6291-29f6-454b-acb2-dc2fa48abe70,Dufresne & Cavanaugh Funeral Home,Albany,NY,http://www.dufresneandcavanaugh.com/,https://www.dufresneandcavanaugh.com/
28dcfc90-23ba-4ad1-a4a7-38e1f2820cd3,Montano-Shea Funeral Home and Cremations,Hartford,CT,http://www.montano-shea.com/,https://www.montano-shea.com/
fcd29b9c-daa8-42d6-8b06-b4d196ae7336,William J Rockefeller Funeral Home,Albany,NY,http://www.wjrockefeller.com/,https://www.wjrockefeller.com/
95ecccd0-5a89-4a8d-b6f6-3e7a2135dde9,Commerce Hill Radozycki Dougiello Funeral Home,Bridgeport,CT,http://www.commercehillfh.com/,https://www.commercehillfh.com/
a9844c18-3244-407c-b2ef-e6f1ca5b245c,Lesko Funeral Home Preplanning & Cremation Services,Bridgeport,CT,http://www.leskofuneralhome.com/,https://www.leskofuneralhome.com/
44ee761a-219e-4deb-9eb1-e0ca71d0b14c,Ahern Funeral Home Inc,Hartford,CT,http://www.ahernfuneralhome.com/,https://www.ahernfuneralhome.com/
23f5c97c-6c5e-4578-8abb-4085ba6ad529,Alfred Roy & Sons - Henry Funeral Service Memorial Chapel,Worcester,MA,http://www.marchandmemorialhomes.com/,https://www.marchandmemorialhomes.com/
6c520b4d-8ef9-443e-89d0-746ffb2bf245,Monahan Drabble Sherman Funeral Home,Providence,RI,http://mkds.com/,https://mkds.com/
7bf93005-b19b-400d-b291-65bbf9e3dc06,Abbey Cremation Service,Hartford,CT,http://www.abbeycremation.com/,https://www.abbeycremation.com/
53195b84-be75-4bff-a9cb-6d2c98c449c5,Parente Funeral Home,Bridgeport,CT,http://www.parentefuneralhome.com/,https://www.parentefuneralhome.com/
6192b7c0-7e12-46f9-bd47-5a84adfa7bdf,Shaughnessey Banks Funeral Home,Bridgeport,CT,http://shaughnesseybanksfuneralhome.com/,https://shaughnesseybanksfuneralhome.com/
8aa3b853-ef56-4bb9-84d3-32cf2ff558d7,"All State Cremation & Funeral Care, LLC",Hartford,CT,http://allstatecremationct.com/,https://allstatecremationct.com/
b66d9345-f2e5-424d-9ac1-d673e9a298cd,Tazzini Funeral Home,Springfield,MA,http://www.tazzinifuneralhome.com/,https://www.tazzinifuneralhome.com/
d29ab370-01e0-4e35-b82b-4c48dc5835c3,Morton's Mortuary Inc,Bridgeport,CT,http://www.mortonsmortuary.com/,https://www.mortonsmortuary.com/
fe4fc462-1335-42fc-ae9e-8a0010551b10,Henderson's Funeral Home Inc,Springfield,MA,http://www.hendersonsfh.com/,https://www.hendersonsfh.com/
c871cf62-a721-47bc-84f6-dbcaa5120cec,Ludlow Funeral Home,Springfield,MA,http://www.ludlowfuneralhome.com/,https://www.ludlowfuneralhome.com/
2c9c3578-48ca-45da-973d-92937460da59,Buyus Funeral Home,Newark,NJ,http://buyusfuneralhome.com/,https://buyusfuneralhome.com/
e547bb43-1e14-48c9-b32f-f22d098875ec,Abraham L. Green & Son Funeral Home,Bridgeport,CT,http://www.greensfuneralhome.com/,https://www.greensfuneralhome.com/
3a039ccd-d5c5-4ab6-891d-bb82e99bc80d,Sampson's Chapel of the Acres,Springfield,MA,http://www.sampsonchapels.com/,https://www.sampsonchapels.com/
70fd9ff1-1a2c-4eab-82f1-9330485a96f2,Jorge Rivera Funeral Home Inc,Jersey City,NJ,http://jorgeriverafuneralhome.com/,https://jorgeriverafuneralhome.com/
2c90aeff-0221-4d2d-bbaa-69d3a7408ffd,Grise Funeral Home,Springfield,MA,http://www.grisefh.com/,https://www.grisefh.com/
6746ca53-d639-43d9-a25c-30d0ffc69364,Garrett Family Mortuary,Jersey City,NJ,http://www.garrettfamilymortuary.com/,https://www.garrettfamilymortuary.com/
9bf93622-4511-4be9-96ab-350f026939dd,Oʻahu Cemetery & Crematory,Honolulu,HI,http://www.oahucemetery.org/,https://www.oahucemetery.org/
44b321a8-8a94-4554-bd78-ecfbb4d4b965,"Temple Memorial Chapel, Inc.",Jersey City,NJ,http://templememorialchapel.com/,https://templememorialchapel.com/
c814eac3-509b-48e9-802f-b1d39b4f7a2d,Failla Memorial Home,Jersey City,NJ,http://www.faillamemorialhome.com/,https://www.faillamemorialhome.com/
35b34a25-6316-48ba-b13a-a61097b8be52,Legacy Growney Funeral Home,Newark,NJ,http://www.legacyfuneralservices.org/,https://www.legacyfuneralservices.org/
36691c9b-58cf-4940-a9d0-a8c31d5f7474,Affordable Cremation,Newark,NJ,http://www.affordablecremation.us/,https://www.affordablecremation.us/
b9331520-46ef-429a-b5b4-8ab816ab941e,Souder Family Funeral Home,Kansas City,MO,http://www.souderfamilyfuneralhome.com/,https://www.souderfamilyfuneralhome.com/
70b026ce-4d3c-4946-b254-8f8ad895956b,Alvarez Memorial Home,Newark,NJ,http://www.alvarezmemorialhome.com/,https://www.alvarezmemorialhome.com/
dcca27d0-4ff3-4220-bf18-f1ede27688ba,Village Cremation Services,Chula Vista,CA,http://www.villagecremations.com/,https://www.villagecremations.com/
b91c3cf3-ceaf-48cd-a427-6a526623d825,Sunflower Cremation and Burial,Chandler,AZ,http://www.sunfloweraz.com/,https://www.sunfloweraz.com/
ae2cab25-bf69-4392-818f-f20478679148,Patrick Quinn Funerals and Cremation (Tucker-Quinn),Providence,RI,http://www.patrickquinnfuneralsandcremations.com/,https://www.patrickquinnfuneralsandcremations.com/
134bc832-781b-403f-af07-12f5bb107f2c,"Trice Funeral Home, LLC",Raleigh,NC,http://www.tricefuneralhome.com,https://www.tricefuneralhome.com
87f6923a-6638-4fb5-bb34-8d18ce2937c5,"Marchand Memorial Homes, Alfred Roy & Sons - Henry Funeral Service Memorial Chapel",Worcester,MA,http://www.marchandmemorialhomes.com/,https://www.marchandmemorialhomes.com/
187626f8-4919-4d12-87c7-7bbbdaefffd2,"Charles A. West Funeral & Cremation Service, LLC.",Jersey City,NJ,http://www.westfuneralservice.com/,https://www.westfuneralservice.com/
bf2f960c-0b5e-4525-8ad8-455dd308db40,Iowa Cremation - Waukee,Des Moines,IA,http://www.iowacremation.com/,https://www.iowacremation.com/
3ac5ed9d-ec74-42fd-8af5-3ac92a1502f0,Cortez Cremations and Funeral Services,Chula Vista,CA,http://cortezcremation.com/,https://cortezcremation.com/
0b88deed-d5c3-4619-96bb-42efd9699465,Neptune Society of Orange County,Irvine,CA,http://www.neptunesociety.org/,https://www.neptunesociety.org/
9dbe813e-343f-45e1-bead-fc7a80f6f453,Vainieri Funeral Home,Jersey City,NJ,http://vainierifuneralhome.com/,https://vainierifuneralhome.com/
31045246-8fd8-49e2-bb0d-047e5bb8962e,Casket Warehouse and Monument Center,Riverside,CA,http://casketandmonumentcenter.com/,https://casketandmonumentcenter.com/
ae526d6c-b401-444a-978c-172a9395e668,Britton-Shrewsbury Funeral Home,Worcester,MA,http://auburnfuneralhome.com/,https://auburnfuneralhome.com/
